"","Genus","FuncGroup","IDS","name","auth","rank"
"1","Akashiwo","Dinoflagellata",109832,"Gymnodinium splendens","Lebour, 1925","Species"
"2","Akashiwo","Dinoflagellata",162544,"Gymnodinium sanguineum","K.Hirasaka, 1922","Species"
"3","Akashiwo","Dinoflagellata",232546,"Akashiwo sanguinea","(K.Hirasaka) Gert Hansen & Moestrup, 2000","Species"
"4","Alexandrium","Dinoflagellata",109470,"Alexandrium","Halim, 1960","Genus"
"5","Alexandrium","Dinoflagellata",109714,"Alexandrium tamarense","(Lebour) Balech, 1995","Species"
"6","Alexandrium","Dinoflagellata",231875,"Alexandrium monilatum","(J.F.Howell) Balech, 1995","Species"
"7","Alexandrium","Dinoflagellata",233420,"Alexandrium cohorticula","(Balech) Balech, 1985","Species"
"8","Amphidinium","Dinoflagellata",109473,"Amphidinium","Claperède & Lachmann, 1859","Genus"
"9","Amphidinium","Dinoflagellata",109735,"Amphidinium klebsii","Kofoid & Swezy, 1921","Species"
"10","Amphidinium","Dinoflagellata",232633,"Amphidinium turbo","Kofoid & Swezy, 1921","Species"
"11","Amphidinium","Dinoflagellata",650636,"Amphidinium schroederi","J.Schiller, 1928","Species"
"12","Amphora","Bacillariophyceae",149200,"Amphora","C.G. Ehrenberg ex F.T. Kützing, 1844","Genus"
"13","Amphora","Bacillariophyceae",149530,"Amphora laevis","Gregory, 1857","Species"
"14","Amphora","Bacillariophyceae",418236,"Amphora clevei","Grunow, 1875","Species"
"15","Amphora","Bacillariophyceae",961376,"Amphora lineata","A. Schmidt in Schmidt et al., 1875","Species"
"16","Anabaena","Cyanobacteria",146585,"Anabaena","Bory de Saint-Vincent ex Bornet & Flahault, 1886","Genus"
"17","Asterionella","Bacillariophyceae",149220,"Asterionella japonica","Cleve, 1882","Species"
"18","Asterionellopsis","Bacillariophyceae",149138,"Asterionellopsis","F.E. Round in F.E. Round, R.M. Crawford & D.G. Mann, 1990","Genus"
"19","Asterionellopsis","Bacillariophyceae",149139,"Asterionellopsis glacialis","(Castracane) Round, 1990","Species"
"20","Asterionellopsis","Bacillariophyceae",149618,"Asterionellopsis kariana","(Grunow) Round, 1990","Species"
"21","Bacteriastrum","Bacillariophyceae",149118,"Bacteriastrum","G. Shadbolt, 1854","Genus"
"22","Bacteriastrum","Bacillariophyceae",149119,"Bacteriastrum hyalinum","Lauder, 1864","Species"
"23","Bacteriastrum","Bacillariophyceae",162916,"Bacteriastrum elongatum","Cleve, 1897","Species"
"24","Bacteriastrum","Bacillariophyceae",164108,"Bacteriastrum delicatulum","Cleve, 1897","Species"
"25","Bacteriastrum","Bacillariophyceae",248066,"Bacteriastrum comosum","J.Pavillard, 1916","Species"
"26","Bellerochea","Bacillariophyceae",149305,"Bellerochea","H. Van Heurck, 1885","Genus"
"27","Bellerochea","Bacillariophyceae",149306,"Bellerochea malleus","(Brightwell) Van Heurck, 1885","Species"
"28","Blepharocysta","Dinoflagellata",110179,"Blepharocysta splendor-maris","(Ehrenberg) F.Stein, 1883","Species"
"29","Calcidiscus","Haptophyta",235804,"Calcidiscus","Kamptner, 1950","Genus"
"30","Calcidiscus","Haptophyta",235880,"Syracolithus quadriperforatus","(Kamptner) Gaarder, 1980","Species"
"31","Calcidiscus","Haptophyta",235923,"Calcidiscus leptoporus","(G.Murray & V.H.Blackman) Loeblich & Tappan, 1978","Species"
"32","Calciopappus","Haptophyta",235924,"Calciopappus caudatus","K.R.Gaarder & Ramsfjell, 1954","Species"
"33","Calciosolenia","Haptophyta",235921,"Anoplosolenia brasiliensis","(Lohmann) Deflandre, 1952","Species"
"34","Calciosolenia","Haptophyta",235926,"Calciosolenia murrayi","Gran, 1912","Species"
"35","Calyptrosphaera","Haptophyta",235828,"Calyptrosphaera","Lohmann, 1902","Genus"
"36","Cerataulina","Bacillariophyceae",149237,"Cerataulina bergonii","(H.Peragallo) Schütt, 1896","Species"
"37","Cerataulina","Bacillariophyceae",149619,"Cerataulina pelagica","(Cleve) Hendey, 1937","Species"
"38","Chaetoceros","Bacillariophyceae",148985,"Chaetoceros","C.G. Ehrenberg, 1844","Genus"
"39","Chaetoceros","Bacillariophyceae",149120,"Chaetoceros danicus","Cleve, 1889","Species"
"40","Chaetoceros","Bacillariophyceae",149122,"Chaetoceros didymus","Ehrenberg, 1845","Species"
"41","Chaetoceros","Bacillariophyceae",149123,"Chaetoceros socialis","H.S.Lauder, 1864","Species"
"42","Chaetoceros","Bacillariophyceae",149125,"Chaetoceros teres","Cleve, 1896","Species"
"43","Chaetoceros","Bacillariophyceae",149126,"Chaetoceros decipiens","Cleve, 1873","Species"
"44","Chaetoceros","Bacillariophyceae",149128,"Chaetoceros diadema","(Ehrenberg) Gran, 1897","Species"
"45","Chaetoceros","Bacillariophyceae",149129,"Chaetoceros compressus","Lauder, 1864","Species"
"46","Chaetoceros","Bacillariophyceae",149219,"Chaetoceros debilis","Cleve, 1894 emend Xu, Y.Li & Lundholm in Xu et al., 2020","Species"
"47","Chaetoceros","Bacillariophyceae",149221,"Chaetoceros curvisetus","Cleve, 1889","Species"
"48","Chaetoceros","Bacillariophyceae",149228,"Chaetoceros laciniosus","F.Schütt, 1895","Species"
"49","Chaetoceros","Bacillariophyceae",149238,"Chaetoceros pelagicus","Cleve","Species"
"50","Chaetoceros","Bacillariophyceae",149241,"Chaetoceros affinis","Lauder, 1864","Species"
"51","Chaetoceros","Bacillariophyceae",149288,"Chaetoceros atlanticus","Cleve, 1873","Species"
"52","Chaetoceros","Bacillariophyceae",149289,"Chaetoceros costatus","Pavillard, 1911","Species"
"53","Chaetoceros","Bacillariophyceae",149292,"Chaetoceros anastomosans","Grunow, 1882","Species"
"54","Chaetoceros","Bacillariophyceae",156607,"Chaetoceros concavicornis","Mangin, 1917","Species"
"55","Chaetoceros","Bacillariophyceae",156609,"Chaetoceros constrictus","Gran, 1897","Species"
"56","Chaetoceros","Bacillariophyceae",156611,"Chaetoceros convolutus","Castracane, 1886","Species"
"57","Chaetoceros","Bacillariophyceae",156615,"Chaetoceros karianus","Grunow, 1880","Species"
"58","Chaetoceros","Bacillariophyceae",156617,"Chaetoceros lorenzianus","Grunow, 1863","Species"
"59","Chaetoceros","Bacillariophyceae",156621,"Chaetoceros subtilis","Cleve, 1896","Species"
"60","Chaetoceros","Bacillariophyceae",156623,"Chaetoceros tenuissimus","Meunier, 1913","Species"
"61","Chaetoceros","Bacillariophyceae",160523,"Chaetoceros lauderi","Ralfs, 1864","Species"
"62","Chaetoceros","Bacillariophyceae",163047,"Chaetoceros subsecundus","(Grunow ex Van Heurck) Hustedt, 1927","Species"
"63","Chaetoceros","Bacillariophyceae",163055,"Chaetoceros protuberans","Lauder, 1864","Species"
"64","Chaetoceros","Bacillariophyceae",163063,"Chaetoceros holsaticus","F.Schütt, 1895","Species"
"65","Chaetoceros","Bacillariophyceae",163112,"Chaetoceros radicans","F.Schütt, 1895","Species"
"66","Chaetoceros","Bacillariophyceae",163161,"Chaetoceros tortissimus","Gran, 1900","Species"
"67","Chaetoceros","Bacillariophyceae",163166,"Chaetoceros fallax","Prosckina-Lavrenko, 1955","Species"
"68","Chaetoceros","Bacillariophyceae",178180,"Chaetoceros coarctatus","Lauder, 1864","Species"
"69","Chaetoceros","Bacillariophyceae",178185,"Chaetoceros peruvianum","Brightwell, 1856","Species"
"70","Chaetoceros","Bacillariophyceae",178215,"Chaetoceros dichaeta","Ehrenberg, 1844","Species"
"71","Chaetoceros","Bacillariophyceae",178217,"Chaetoceros messanensis","Castracane, 1875","Species"
"72","Chaetoceros","Bacillariophyceae",178241,"Chaetoceros tetrastichon","Cleve, 1897","Species"
"73","Chaetoceros","Bacillariophyceae",248065,"Chaetoceros pendulus","Karsten, 1905","Species"
"74","Chaetoceros","Bacillariophyceae",341473,"Chaetoceros castracanei","Karsten, 1905","Species"
"75","Chaetoceros","Bacillariophyceae",341479,"Chaetoceros neglectus","Karsten, 1905","Species"
"76","Chaetoceros","Bacillariophyceae",418513,"Chaetoceros pseudocurvisetum","L. Mangin, 1910","Species"
"77","Chaetoceros","Bacillariophyceae",465390,"Chaetoceros dadayi","Pavillard, 1913","Species"
"78","Chaetoceros","Bacillariophyceae",465524,"Chaetoceros gracilis","Pantocsek, 1892","Species"
"79","Chaetoceros","Bacillariophyceae",961752,"Chaetoceros breve","Schütt, 1895","Species"
"80","Chaetoceros","Bacillariophyceae",961828,"Chaetoceros levis","Schutt, 1896","Species"
"81","Climacodium","Bacillariophyceae",196803,"Climacodium","A. Grunow, 1868","Genus"
"82","Climacodium","Bacillariophyceae",196804,"Climacodium frauenfeldianum","Grunow, 1868","Species"
"83","Coccolithus","Haptophyta",178598,"Coccolithus","E.H.L.Schwarz, 1894","Genus"
"84","Cochlodinium","Dinoflagellata",109474,"Cochlodinium","Schütt, 1896","Genus"
"85","Cochlodinium","Dinoflagellata",109775,"Cochlodinium strangulatum","(F.Schütt) F.Schütt, 1896","Species"
"86","Cochlodinium","Dinoflagellata",232663,"Cochlodinium faurei","Kofoid & Swezy, 1921","Species"
"87","Cochlodinium","Dinoflagellata",232687,"Cochlodinium virescens","Kofoid & Swezy, 1921","Species"
"88","Corethron","Bacillariophyceae",179596,"Corethron hystrix","Hensen, 1887","Species"
"89","Coscinodiscus","Bacillariophyceae",148914,"Thalassiosira anguste-lineata","(A.Schmidt) G.Fryxell & Hasle, 1977","Species"
"90","Coscinodiscus","Bacillariophyceae",148917,"Coscinodiscus","C.G. Ehrenberg, 1839","Genus"
"91","Coscinodiscus","Bacillariophyceae",149159,"Coscinodiscus centralis","Ehrenberg, 1844","Species"
"92","Coscinodiscus","Bacillariophyceae",149255,"Coscinosira polychorda","(Gran) Gran, 1900","Species"
"93","Coscinodiscus","Bacillariophyceae",149268,"Coscinodiscus nitidus","W.Gregory, 1857","Species"
"94","Coscinodiscus","Bacillariophyceae",149271,"Coscinodiscus granii","Gough, 1905","Species"
"95","Coscinodiscus","Bacillariophyceae",149272,"Coscinodiscus perforatus","Ehrenberg, 1844","Species"
"96","Coscinodiscus","Bacillariophyceae",156629,"Coscinodiscus marginatus","Ehrenberg, 1844","Species"
"97","Coscinodiscus","Bacillariophyceae",156632,"Coscinodiscus wailesii","Gran & Angst, 1931","Species"
"98","Cyclolithella","Haptophyta",604021,"Cyclolithella","Loeblich & Tappan, 1963","Genus"
"99","Cyclolithella","Haptophyta",840032,"Cyclolithella ferrazae","Sánchez-Suárez, 1990","Species"
"100","Cylindrotheca","Bacillariophyceae",149004,"Cylindrotheca closterium","(Ehrenberg) Reimann & J.C.Lewin, 1964","Species"
"101","Cystodinium","Dinoflagellata",163820,"Gymnodinium rotundatum","Klebs, 1912","Species"
"102","Dactyliosolen","Bacillariophyceae",149309,"Dactyliosolen","A.F. Castracane, 1886","Genus"
"103","Dactyliosolen","Bacillariophyceae",149310,"Dactyliosolen fragilissimus","(Bergon) Hasle, 1996","Species"
"104","Dactyliosolen","Bacillariophyceae",248064,"Dactyliosolen phuketensis","(B.G.Sundström) G.R.Hasle, 1996","Species"
"105","Detonula","Bacillariophyceae",149647,"Detonula pumila","(Castracane) Gran, 1900","Species"
"106","Detonula","Bacillariophyceae",163229,"Lauderia schroederi","Bergon, 1902","Species"
"107","Detonula","Bacillariophyceae",163231,"Schroederella delicatula","(H.Peragallo) Pavillard, 1913","Species"
"108","Dictyocha","Others",157463,"Dictyocha fibula","Ehrenberg, 1839","Species"
"109","Dinophysis","Dinoflagellata",109462,"Dinophysis","Ehrenberg, 1839","Genus"
"110","Dinophysis","Dinoflagellata",109603,"Dinophysis acuminata","Claparède & Lachmann, 1859","Species"
"111","Dinophysis","Dinoflagellata",109612,"Dinophysis caudata","Saville-Kent, 1881","Species"
"112","Dinophysis","Dinoflagellata",109618,"Dinophysis diegensis","Kofoid, 1907","Species"
"113","Dinophysis","Dinoflagellata",109627,"Dinophysis hastata","F.Stein, 1883","Species"
"114","Dinophysis","Dinoflagellata",109654,"Dinophysis recurva","Kofoid & Skogsberg, 1928","Species"
"115","Dinophysis","Dinoflagellata",232185,"Dinophysis exigua","Kofoid & Skogsberg, 1928","Species"
"116","Dinophysis","Dinoflagellata",232243,"Dinophysis okamurae","Kofoid & Skogsberg, 1928","Species"
"117","Dinophysis","Dinoflagellata",232261,"Dinophysis sacculus","F.Stein, 1883","Species"
"118","Dinophysis","Dinoflagellata",232270,"Dinophysis schroederi","Pavillard, 1909","Species"
"119","Dinophysis","Dinoflagellata",232498,"Phalacroma operculoides","F.Schütt, 1895","Species"
"120","Dinophysis","Dinoflagellata",646201,"Dinophysis ovum","T.H.Abé, 1967","Species"
"121","Diploneis","Bacillariophyceae",149018,"Diploneis","(C. G. Ehrenberg) P.T. Cleve, 1894","Genus"
"122","Diploneis","Bacillariophyceae",149194,"Diploneis bombus","(Ehrenberg) Ehrenberg, 1853","Species"
"123","Diploneis","Bacillariophyceae",149396,"Diploneis crabro","(Ehrenberg) Ehrenberg, 1854","Species"
"124","Diplopsalis","Dinoflagellata",109515,"Diplopsalis","R.S.Bergh, 1881","Genus"
"125","Diplopsalis","Dinoflagellata",110001,"Diplopsalis lenticula","Bergh, 1882","Species"
"126","Emiliana","Haptophyta",115086,"Emiliania","W.W.Hay & H.P.Mohler, 1967","Genus"
"127","Eucampia","Bacillariophyceae",149113,"Guinardia striata","(Stolterfoth) Hasle, 1996","Species"
"128","Eucampia","Bacillariophyceae",149130,"Eucampia","C.G. Ehrenberg, 1839","Genus"
"129","Eucampia","Bacillariophyceae",149131,"Eucampia zodiacus","Ehrenberg, 1839","Species"
"130","Eucampia","Bacillariophyceae",157430,"Eucampia groenlandica","Cleve, 1896","Species"
"131","Eucampia","Bacillariophyceae",248058,"Eucampia cornuta","(Cleve) Grunow, 1883","Species"
"132","Eutreptia","Others",178582,"Eutreptia","Perty, 1852","Genus"
"133","Eutreptiella","Others",17657,"Eutreptiella","A.M.Cunha, 1913","Genus"
"134","Eutreptiella","Others",110652,"Eutreptiella gymnastica","Throndsen, 1969","Species"
"135","Eutreptiella","Others",573871,"Eutreptiella eupharyngea","Ø.Moestrup & R.E.Norris, 1986","Species"
"136","Glenodinium","Dinoflagellata",109538,"Glenodinium","Ehrenberg, 1836","Genus"
"137","Gonyaulax","Dinoflagellata",109519,"Gonyaulax","Diesing, 1866","Genus"
"138","Gonyaulax","Dinoflagellata",110010,"Gonyaulax apiculata","Entz, 1904","Species"
"139","Gonyaulax","Dinoflagellata",110014,"Gonyaulax diegensis","Kofoid, 1911","Species"
"140","Gonyaulax","Dinoflagellata",110015,"Gonyaulax digitale","(Pouchet) Kofoid, 1911","Species"
"141","Gonyaulax","Dinoflagellata",110019,"Gonyaulax fragilis","(Schütt) Kofoid, 1911","Species"
"142","Gonyaulax","Dinoflagellata",110035,"Gonyaulax polygramma","F.Stein, 1883","Species"
"143","Gonyaulax","Dinoflagellata",110041,"Gonyaulax spinifera","(Claparède & Lachmann) Diesing, 1866","Species"
"144","Gonyaulax","Dinoflagellata",110043,"Gonyaulax turbynei","Murray & Whitting, 1899","Species"
"145","Gonyaulax","Dinoflagellata",233557,"Gonyaulax minuta","Kofoid & Michener, 1911","Species"
"146","Gonyaulax","Dinoflagellata",233577,"Gonyaulax sousae","Balech, 1959","Species"
"147","Grammatophora","Bacillariophyceae",149335,"Grammatophora","C.G. Ehrenberg, 1840","Genus"
"148","Grammatophora","Bacillariophyceae",149338,"Grammatophora marina","(Lyngbye) Kützing, 1844","Species"
"149","Grammatophora","Bacillariophyceae",149340,"Grammatophora serpentina","Ehrenberg, 1844","Species"
"150","Guinardia","Bacillariophyceae",149111,"Guinardia","H. Peragallo, 1892","Genus"
"151","Guinardia","Bacillariophyceae",149132,"Guinardia flaccida","(Castracane) H.Peragallo, 1892","Species"
"152","Gymnodinium","Dinoflagellata",109475,"Gymnodinium","F.Stein, 1878","Genus"
"153","Gymnodinium","Dinoflagellata",109784,"Gymnodinium catenatum","H.W.Graham, 1943","Species"
"154","Gymnodinium","Dinoflagellata",109797,"Gymnodinium gibbera","J.Schiller, 1928","Species"
"155","Gymnodinium","Dinoflagellata",109828,"Gymnodinium rubrum","Koifoid & Swezy, 1921","Species"
"156","Gymnodinium","Dinoflagellata",109835,"Gymnodinium variabile","E.C.Herdman, 1924","Species"
"157","Gymnodinium","Dinoflagellata",232753,"Gymnodinium flavum","Kofoid & Swezy, 1921","Species"
"158","Gymnodinium","Dinoflagellata",232767,"Gymnodinium gelbum","Kofoid, 1931","Species"
"159","Gymnodinium","Dinoflagellata",232785,"Gymnodinium impudicum","(S.Fraga & I.Bravo) Gert Hansen & Moestrup, 2000","Species"
"160","Gymnodinium","Dinoflagellata",232803,"Gymnodinium lira","Kofoid & Swezy, 1921","Species"
"161","Gymnodinium","Dinoflagellata",232828,"Gymnodinium ochraceum","Kofoid, 1931","Species"
"162","Gymnodinium","Dinoflagellata",232848,"Gymnodinium punctatum","Pouchet, 1887","Species"
"163","Gymnodinium","Dinoflagellata",232864,"Gymnodinium scopulosum","Kofoid & Swezy, 1921","Species"
"164","Gymnodinium","Dinoflagellata",418124,"Gymnodinium mirabile","Penard, 1891","Species"
"165","Gymnodinium","Dinoflagellata",418125,"Gymnodinium mitratum","J.Schiller, 1933","Species"
"166","Gymnodinium","Dinoflagellata",615560,"Gymnodinium acuminatum","Christen, 1954","Species"
"167","Gyrodinium","Dinoflagellata",109476,"Gyrodinium","Kofoid & Swezy, 1921","Genus"
"168","Gyrodinium","Dinoflagellata",109841,"Gyrodinium acutum","(Schütt) Kofoid & Swezy, 1921","Species"
"169","Gyrodinium","Dinoflagellata",109855,"Gyrodinium foliaceum","Kofoid & Swezy, 1921","Species"
"170","Gyrodinium","Dinoflagellata",109856,"Gyrodinium fusiforme","Kofoid & Swezy, 1921","Species"
"171","Gyrodinium","Dinoflagellata",109859,"Gyrodinium lacryma","(Meunier) Kofoid & Swezy, 1921","Species"
"172","Gyrodinium","Dinoflagellata",109871,"Gyrodinium pepo","(Schütt) Kofoid & Swezy, 1921","Species"
"173","Gyrodinium","Dinoflagellata",109872,"Gyrodinium pingue","(Schütt) Kofoid & Swezy, 1921","Species"
"174","Gyrodinium","Dinoflagellata",109876,"Gyrodinium spirale","(Bergh) Kofoid & Swezy, 1921","Species"
"175","Gyrodinium","Dinoflagellata",109879,"Gyrodinium varians","(Wulff) Schiller, 1933","Species"
"176","Gyrodinium","Dinoflagellata",232901,"Gyrodinium aciculatum","G.Hansen & J.Larsen, 1992","Species"
"177","Gyrodinium","Dinoflagellata",232909,"Gyrodinium biconicum","Kofoid & Swezy, 1921","Species"
"178","Gyrodinium","Dinoflagellata",232942,"Gyrodinium fulvum","Kofoid & Swezy, 1921","Species"
"179","Gyrodinium","Dinoflagellata",232947,"Gyrodinium grave","(Meunier) Kofoid & Swezy, 1921","Species"
"180","Gyrodinium","Dinoflagellata",232970,"Gyrodinium nasutum","(Wulff) Schiller, 1933","Species"
"181","Gyrodinium","Dinoflagellata",232998,"Gyrodinium striatissimum","(E.M.Hulburt) Gert Hansen & Ø.Moestrup, 2000","Species"
"182","Gyrodinium","Dinoflagellata",233006,"Gyrodinium virgatum","Kofoid & Swezy, 1921","Species"
"183","Haslea","Bacillariophyceae",149210,"Haslea","R. Simonsen, 1974","Genus"
"184","Haslea","Bacillariophyceae",248063,"Haslea wawrikae","(Hustedt) Simonsen, 1974","Species"
"185","Helicotheca","Bacillariophyceae",157440,"Helicotheca tamesis","(Shrubsole) M.Ricard, 1987","Species"
"186","Helicotheca","Bacillariophyceae",345435,"Streptotheca thamensis","Shrubsole","Species"
"187","Hemiaulus","Bacillariophyceae",163249,"Hemiaulus hauckii","Grunow ex Van Heurck, 1882","Species"
"188","Hemiaulus","Bacillariophyceae",163250,"Hemiaulus sinensis","Greville, 1865","Species"
"189","Hemiaulus","Bacillariophyceae",418540,"Hemiaulus membranaceus","Cleve","Species"
"190","Hemiaulus","Bacillariophyceae",597009,"Hemiaulus heibergii","Cleve, 1873","Species"
"191","Heterocapsa","Dinoflagellata",109540,"Heterocapsa","F.Stein, 1883","Genus"
"192","Heterocapsa","Dinoflagellata",110153,"Heterocapsa triquetra","(Ehrenberg) F.Stein, 1883","Species"
"193","Johannesbaptistia","Cyanobacteria",204903,"Johannesbaptistia","G.De Toni, 1934","Genus"
"194","Johannesbaptistia","Cyanobacteria",213713,"Johannesbaptistia pellucida","(Dickie) W.R.Taylor & Drouet, 1938","Species"
"195","Lauderia","Bacillariophyceae",149135,"Lauderia annulata","Cleve, 1873","Species"
"196","Lauderia","Bacillariophyceae",149230,"Leptocylindrus mediterraneus","(H.Peragallo) Hasle, 1975","Species"
"197","Lauderia","Bacillariophyceae",149233,"Lauderia borealis","Gran, 1900","Species"
"198","Lauderia","Bacillariophyceae",163262,"Dactyliosolen mediterraneus","(Peragallo) Peragallo, 1892","Species"
"199","Leptocylindrus","Bacillariophyceae",149039,"Leptocylindrus minimus","Gran, 1915","Species"
"200","Leptocylindrus","Bacillariophyceae",149106,"Leptocylindrus danicus","Cleve, 1889","Species"
"201","Lingulodinium","Dinoflagellata",233592,"Lingulodinium polyedra","(F.Stein) J.D.Dodge, 1989","Species"
"202","Lioloma","Bacillariophyceae",292726,"Lioloma","Hasle, 1997","Genus"
"203","Lioloma","Bacillariophyceae",418646,"Lioloma pacificum","(Cupp) Hasle, 1996","Species"
"204","Lioloma","Bacillariophyceae",502171,"Thalassiothrix delicatula","Cupp, 1943","Species"
"205","Lyngbya","Cyanobacteria",146538,"Lyngbya","C.Agardh ex Gomont, 1892","Genus"
"206","Mesodinium","Others",179320,"Mesodinium","von Stein","Genus"
"207","Mesodinium","Others",232069,"Mesodinium rubrum","(Lohmann, 1908)","Species"
"208","Mesodinium","Others",292896,"Myrionecta rubra","Lohmann, 1908","Species"
"209","Mesoporos","Dinoflagellata",232516,"Mesoporos perforatus","(Gran) Lillick, 1937","Species"
"210","Michaelsarsia","Haptophyta",235961,"Michaelsarsia elegans","Gran, 1912","Species"
"211","Michaelsarsia","Haptophyta",236058,"Michaelsarsia adriatica","(J.Schiller) Manton, G.Bremer & Oates, 1984","Species"
"212","Navicula","Bacillariophyceae",149142,"Navicula","J.B.M. Bory de Saint-Vincent, 1822","Genus"
"213","Navicula","Bacillariophyceae",149145,"Meuniera membranacea","(Cleve) P.C.Silva, 1996","Species"
"214","Navicula","Bacillariophyceae",149430,"Navicula lyra","Ehrenberg, 1843","Species"
"215","Navicula","Bacillariophyceae",149467,"Navicula directa","(W.Smith) Ralfs, 1861","Species"
"216","Navicula","Bacillariophyceae",149468,"Navicula cancellata","Donkin, 1872","Species"
"217","Navicula","Bacillariophyceae",418385,"Navicula yarrensis","Grunow, 1876","Species"
"218","Navicula","Bacillariophyceae",549210,"Navicula septentrionalis","(Grunow) Gran, 1908","Species"
"219","Navicula","Bacillariophyceae",962582,"Navicula crabro","sensu Donkin, 1871","Species"
"220","Navicula","Bacillariophyceae",962805,"Navicula hennedyi","sensu Witt, 1885","Species"
"221","Navicula","Bacillariophyceae",967223,"Navicula brevis","Cleve-Euler, 1932","Species"
"222","Nitzschia","Bacillariophyceae",149045,"Nitzschia","A.H. Hassall, 1845","Genus"
"223","Nitzschia","Bacillariophyceae",149150,"Nitzschia longissima","(Brébisson) Ralfs, 1861","Species"
"224","Nitzschia","Bacillariophyceae",149213,"Nitzschia sigma","(Kützing) W.Smith, 1853","Species"
"225","Nitzschia","Bacillariophyceae",149588,"Nitzschia socialis","Gregory, 1857","Species"
"226","Nitzschia","Bacillariophyceae",149591,"Nitzschia angularis","W.Smith, 1853","Species"
"227","Nitzschia","Bacillariophyceae",149595,"Nitzschia recta","Hantzsch ex Rabenhorst, 1862","Species"
"228","Nitzschia","Bacillariophyceae",149597,"Nitzschia lanceolata","W.Smith, 1853","Species"
"229","Nitzschia","Bacillariophyceae",341379,"Nitzschia sicula","(Castracane) Hustedt","Species"
"230","Nitzschia","Bacillariophyceae",390662,"Nitzschia insignis","Gregory, 1857","Species"
"231","Nitzschia","Bacillariophyceae",418196,"Nitzschia fluminensis","Grunow","Species"
"232","Nitzschia","Bacillariophyceae",549212,"Nitzschia fontifuga","Cholnoky, 1962","Species"
"233","Nitzschia","Bacillariophyceae",611791,"Nitzschia rostrata","Grunow, 1880","Species"
"234","Nitzschia","Bacillariophyceae",986480,"Nitzschia paradoxa f. major",NA,"Forma"
"235","Noctiluca","Dinoflagellata",109921,"Noctiluca scintillans","(Macartney) Kofoid & Swezy, 1921","Species"
"236","Noctiluca","Dinoflagellata",160511,"Noctiluca miliaris","Suriray, 1816","Species"
"237","Odontella","Bacillariophyceae",148963,"Odontella","C.A. Agardh, 1832","Genus"
"238","Odontella","Bacillariophyceae",149050,"Odontella aurita","(Lyngbye) C.Agardh, 1832","Species"
"239","Odontella","Bacillariophyceae",149094,"Odontella regia","(Schultze) Simonsen, 1974","Species"
"240","Odontella","Bacillariophyceae",164116,"Odontella mobiliensis","(J.W.Bailey) Grunow, 1884","Species"
"241","Odontella","Bacillariophyceae",418591,"Odontella longicruris","(Greville) M.A.Hoban, 1983","Species"
"242","Ophiaster","Haptophyta",115081,"Ophiaster","Gran, 1912","Genus"
"243","Ophiaster","Haptophyta",115099,"Ophiaster hydroideus","(Lohmann) Lohmann, 1913","Species"
"244","Ornithocercus","Dinoflagellata",109464,"Ornithocercus","Stein, 1883","Genus"
"245","Ornithocercus","Dinoflagellata",109693,"Ornithocercus magnificus","Stein, 1883","Species"
"246","Ornithocercus","Dinoflagellata",109694,"Ornithocercus quadratus","Schütt, 1900","Species"
"247","Ornithocercus","Dinoflagellata",109696,"Ornithocercus steinii","Schütt, 1900","Species"
"248","Oxytoxum","Dinoflagellata",109528,"Oxytoxum","Stein, 1883","Genus"
"249","Oxytoxum","Dinoflagellata",110082,"Oxytoxum caudatum","Schiller, 1937","Species"
"250","Oxytoxum","Dinoflagellata",110094,"Oxytoxum elegans","Pavillard, 1916","Species"
"251","Oxytoxum","Dinoflagellata",110097,"Oxytoxum laticeps","Schiller, 1937","Species"
"252","Oxytoxum","Dinoflagellata",110099,"Oxytoxum longiceps","Schiller","Species"
"253","Oxytoxum","Dinoflagellata",110103,"Oxytoxum milneri","G.Murray & Whitting, 1899","Species"
"254","Oxytoxum","Dinoflagellata",110107,"Oxytoxum obliquum","Schiller, 1937","Species"
"255","Oxytoxum","Dinoflagellata",110113,"Oxytoxum reticulatum","(Stein) Schütt, 1899","Species"
"256","Oxytoxum","Dinoflagellata",110114,"Oxytoxum sceptrum","(F.Stein) Schröder, 1906","Species"
"257","Oxytoxum","Dinoflagellata",110115,"Oxytoxum scolopax","Stein, 1883","Species"
"258","Oxytoxum","Dinoflagellata",110116,"Oxytoxum sphaeroideum","Stein, 1883","Species"
"259","Oxytoxum","Dinoflagellata",110122,"Oxytoxum viride","Schiller, 1937","Species"
"260","Oxytoxum","Dinoflagellata",233859,"Oxytoxum elongatum","Wood, 1963","Species"
"261","Oxytoxum","Dinoflagellata",233870,"Oxytoxum gracile","Schiller, 1937","Species"
"262","Oxytoxum","Dinoflagellata",233874,"Oxytoxum tesselatum","(F.Stein) Schütt, 1895","Species"
"263","Phalacroma","Dinoflagellata",109466,"Phalacroma","Stein, 1883","Genus"
"264","Phalacroma","Dinoflagellata",109563,"Oxyphysis","Kofoid, 1926","Genus"
"265","Phalacroma","Dinoflagellata",110284,"Oxyphysis oxytoxoides","Kofoid, 1926","Species"
"266","Phalacroma","Dinoflagellata",156505,"Phalacroma rotundatum","(Claparéde & Lachmann) Kofoid & J.R.Michener, 1911","Species"
"267","Phalacroma","Dinoflagellata",232469,"Phalacroma favus","Kofoid & Michener, 1911","Species"
"268","Phalacroma","Dinoflagellata",232491,"Phalacroma mitra","F.Schütt, 1895","Species"
"269","Phalacroma","Dinoflagellata",418168,"Phalacroma ovum","Schütt, 1895","Species"
"270","Phalacroma","Dinoflagellata",838527,"Phalacroma scrobiculatum","(Balech) Díaz-Ramos & G.J. Estrella, 2000","Species"
"271","Pinnularia","Bacillariophyceae",149143,"Navicula distans","(W.Smith) Ralfs, 1861","Species"
"272","Pinnunavis","Bacillariophyceae",613511,"Pinnunavis yarrensis","(Grunow) H.Okuno, 1975","Species"
"273","Planktoniella","Bacillariophyceae",196815,"Planktoniella sol","(C.G.Wallich) Schütt, 1892","Species"
"274","Pleurosigma","Bacillariophyceae",149181,"Pleurosigma","W. Smith, 1852","Genus"
"275","Pleurosigma","Bacillariophyceae",149183,"Pleurosigma angulatum","(Queckett) W.Smith, 1852","Species"
"276","Pleurosigma","Bacillariophyceae",149504,"Pleurosigma affine","Grunow, 1880","Species"
"277","Pleurosigma","Bacillariophyceae",156580,"Pleurosigma formosum","W.Smith, 1852","Species"
"278","Pleurosigma","Bacillariophyceae",232086,"Pleurosigma marinum","Donkin, 1858","Species"
"279","Pleurosigma","Bacillariophyceae",576676,"Pleurosigma rigidum","W.Smith, 1853","Species"
"280","Pleurosigma","Bacillariophyceae",840410,"Pleurosigma lineare","Grunow in Cleve & Möller, 1879","Species"
"281","Podolampas","Dinoflagellata",109550,"Podolampas","F.Stein, 1883","Genus"
"282","Podolampas","Dinoflagellata",110199,"Podolampas bipes","Stein, 1883","Species"
"283","Podolampas","Dinoflagellata",110201,"Podolampas elegans","Schütt, 1895","Species"
"284","Podolampas","Dinoflagellata",232625,"Podolampas palmipes","Stein, 1883","Species"
"285","Podolampas","Dinoflagellata",418161,"Podolampas spinifer","Okamura, 1912","Species"
"286","Proboscia","Bacillariophyceae",149168,"Proboscia alata","(Brightwell) Sundström, 1986","Species"
"287","Pronoctiluca","Dinoflagellata",109487,"Pronoctiluca","Fabre-Domergue, 1889","Genus"
"288","Pronoctiluca","Dinoflagellata",109904,"Pronoctiluca spinifera","(Lohmann) Schiller, 1932","Species"
"289","Pronoctiluca","Dinoflagellata",146173,"Pronoctiluca phaeocysticola","(Scherffel) Pavillard, 1922","Species"
"290","Prorocentrum","Dinoflagellata",109566,"Prorocentrum","Ehrenberg, 1834","Genus"
"291","Prorocentrum","Dinoflagellata",110292,"Prorocentrum arcuatum","Issel, 1928","Species"
"292","Prorocentrum","Dinoflagellata",110293,"Prorocentrum balticum","(Lohmann) Loeblich III, 1970","Species"
"293","Prorocentrum","Dinoflagellata",110300,"Prorocentrum gracile","F.Schütt, 1895","Species"
"294","Prorocentrum","Dinoflagellata",110301,"Prorocentrum lima","(Ehrenberg) F.Stein, 1878","Species"
"295","Prorocentrum","Dinoflagellata",110303,"Prorocentrum micans","Ehrenberg, 1834","Species"
"296","Prorocentrum","Dinoflagellata",110304,"Prorocentrum minimum","(Pavillard) J.Schiller, 1933","Species"
"297","Prorocentrum","Dinoflagellata",110311,"Prorocentrum rostratum","F.Stein, 1883","Species"
"298","Prorocentrum","Dinoflagellata",110314,"Prorocentrum scutellum","Schröder, 1900","Species"
"299","Prorocentrum","Dinoflagellata",110316,"Prorocentrum triestinum","J.Schiller, 1918","Species"
"300","Prorocentrum","Dinoflagellata",231851,"Exuviella","Cienkowski, 1881","Genus"
"301","Prorocentrum","Dinoflagellata",231885,"Prorocentrum mexicanum","Osorio-Tafall, 1942","Species"
"302","Prorocentrum","Dinoflagellata",232441,"Prorocentrum emarginatum","Y.Fukuyo, 1981","Species"
"303","Prorocentrum","Dinoflagellata",232461,"Prorocentrum concavum","Y.Fukuyo, 1981","Species"
"304","Prorocentrum","Dinoflagellata",576723,"Exuviaella baltica","Lohmann, 1908","Species"
"305","Protoperidinium","Dinoflagellata",109553,"Protoperidinium","Bergh, 1881","Genus"
"306","Protoperidinium","Dinoflagellata",110206,"Protoperidinium avellana","(Meunier, 1919) Balech, 1974","Species"
"307","Protoperidinium","Dinoflagellata",110209,"Protoperidinium breve",NA,"Species"
"308","Protoperidinium","Dinoflagellata",110210,"Protoperidinium brevipes","(Paulsen, 1908) Balech, 1974","Species"
"309","Protoperidinium","Dinoflagellata",110212,"Protoperidinium conicoides","(Paulsen) Balech, 1973","Species"
"310","Protoperidinium","Dinoflagellata",110213,"Protoperidinium conicum","(Gran) Balech, 1974","Species"
"311","Protoperidinium","Dinoflagellata",110214,"Protoperidinium crassipes","(Kofoid, 1907) Balech, 1974","Species"
"312","Protoperidinium","Dinoflagellata",110217,"Protoperidinium depressum","(Bailey, 1854) Balech, 1974","Species"
"313","Protoperidinium","Dinoflagellata",110218,"Protoperidinium diabolus","(Karsten) Balech","Species"
"314","Protoperidinium","Dinoflagellata",110219,"Protoperidinium divergens","(Ehrenberg) Balech, 1974","Species"
"315","Protoperidinium","Dinoflagellata",110222,"Protoperidinium grande","(Kofoid, 1907) Balech, 1974","Species"
"316","Protoperidinium","Dinoflagellata",110229,"Protoperidinium leonis","(Pavillard, 1916) Balech, 1974","Species"
"317","Protoperidinium","Dinoflagellata",110234,"Protoperidinium mite","(Pavillard, 1916) Balech, 1974","Species"
"318","Protoperidinium","Dinoflagellata",110237,"Protoperidinium nudum","(Meunier, 1919) Balech, 1974","Species"
"319","Protoperidinium","Dinoflagellata",110238,"Protoperidinium oblongum","(Aurivillius) Parke & Dodge, 1976","Species"
"320","Protoperidinium","Dinoflagellata",110240,"Protoperidinium oceanicum","(VanHöffen, 1897) Balech, 1974","Species"
"321","Protoperidinium","Dinoflagellata",110241,"Protoperidinium ovatum","Pouchet, 1883","Species"
"322","Protoperidinium","Dinoflagellata",110245,"Protoperidinium pellucidum","Bergh, 1882","Species"
"323","Protoperidinium","Dinoflagellata",110247,"Protoperidinium pentagonum","(Gran, 1902) Balech, 1974","Species"
"324","Protoperidinium","Dinoflagellata",110248,"Protoperidinium punctulatum","(Paulsen, 1907) Balech, 1974","Species"
"325","Protoperidinium","Dinoflagellata",110249,"Protoperidinium pyriforme","(Paulsen, 1905) Balech, 1974","Species"
"326","Protoperidinium","Dinoflagellata",110250,"Protoperidinium quarnerense","(B.Schröder, 1900) Balech, 1974","Species"
"327","Protoperidinium","Dinoflagellata",110255,"Protoperidinium sphaericum","(Murray & Whitting, 1899) Balech, 1974","Species"
"328","Protoperidinium","Dinoflagellata",110257,"Protoperidinium steinii","(Jørgensen, 1899) Balech, 1974","Species"
"329","Protoperidinium","Dinoflagellata",110259,"Protoperidinium subinerme","(Paulsen) Loeblich III, 1969","Species"
"330","Protoperidinium","Dinoflagellata",162749,"Protoperidinium cerasus","(Paulsen, 1907) Balech, 1973","Species"
"331","Protoperidinium","Dinoflagellata",163862,"Protoperidinium claudicans","(Paulsen, 1907) Balech, 1974","Species"
"332","Protoperidinium","Dinoflagellata",232921,"Protoperidinium globulus","(Stein, 1883) Balech, 1974","Species"
"333","Protoperidinium","Dinoflagellata",232941,"Protoperidinium spiniferum","(J.Schiller, 1937) Balech, 1974","Species"
"334","Protoperidinium","Dinoflagellata",232968,"Protoperidinium roseum","(O.W.Paulsen, 1904) Balech, 1974","Species"
"335","Protoperidinium","Dinoflagellata",233028,"Protoperidinium matzenaueri","(Böhm, 1936) Balech, 1974","Species"
"336","Protoperidinium","Dinoflagellata",233082,"Protoperidinium okamurai","Yoneda & Marukawa in Marukawa, 1921","Species"
"337","Protoperidinium","Dinoflagellata",233104,"Protoperidinium murrayi","(Kofoid) Hernández-Becerril, 1991","Species"
"338","Protoperidinium","Dinoflagellata",233169,"Protoperidinium melo","(Balech, 1971) Balech, 1974","Species"
"339","Protoperidinium","Dinoflagellata",233269,"Protoperidinium hirobis","(T.H.Abé) Balech, 1974","Species"
"340","Protoperidinium","Dinoflagellata",233274,"Protoperidinium rotundatum","Abé, 1936","Species"
"341","Protoperidinium","Dinoflagellata",233357,"Protoperidinium elegans","(Cleve, 1900) Balech, 1974","Species"
"342","Protoperidinium","Dinoflagellata",233556,"Protoperidinium abei","(Paulsen, 1931) Balech, 1974","Species"
"343","Protoperidinium","Dinoflagellata",418151,"Protoperidinium latum","Paulsen, 1908","Species"
"344","Protoperidinium","Dinoflagellata",418153,"Protoperidinium orbiculare","Paulsen, 1907","Species"
"345","Protoperidinium","Dinoflagellata",597657,"Protoperidinium trochoideum","(Stein) Lemmermann, 1910","Species"
"346","Pseudo.nitzschia","Bacillariophyceae",149151,"Pseudo-nitzschia","H. Peragallo in H. Peragallo & M. Peragallo, 1900","Genus"
"347","Pseudo.nitzschia","Bacillariophyceae",149152,"Pseudo-nitzschia seriata","(Cleve) H.Peragallo, 1899","Species"
"348","Pseudo.nitzschia","Bacillariophyceae",156548,"Pseudo-nitzschia pseudodelicatissima","(Hasle) Hasle, 1993","Species"
"349","Pseudo.nitzschia","Bacillariophyceae",160528,"Pseudo-nitzschia pungens","(Grunow ex Cleve) G.R.Hasle, 1993","Species"
"350","Pseudo.nitzschia","Bacillariophyceae",411765,"Pseudo-nitzschia lineola","(Cleve) Hasle, 1965","Species"
"351","Pseudo.nitzschia","Bacillariophyceae",418221,"Pseudo-nitzschia subfraudulenta","(G.R.Hasle) G.R.Hasle, 1993","Species"
"352","Pyrocystis","Dinoflagellata",110327,"Pyrocystis elegans","Pavillard, 1931","Species"
"353","Pyrocystis","Dinoflagellata",110329,"Pyrocystis gerbaultii","Pavillard, 1935","Species"
"354","Pyrocystis","Dinoflagellata",110332,"Pyrocystis noctiluca","Murray ex Haeckel, 1890","Species"
"355","Pyrocystis","Dinoflagellata",110333,"Pyrocystis obtusa","Pavillard, 1931","Species"
"356","Pyrocystis","Dinoflagellata",110334,"Pyrocystis robusta","Kofoid, 1907","Species"
"357","Pyrocystis","Dinoflagellata",164053,"Pyrocystis lunula","(Schütt) Schütt, 1896","Species"
"358","Pyrocystis","Dinoflagellata",232259,"Pyrocystis hamulus","Cleve, 1900","Species"
"359","Pyrophacus","Dinoflagellata",232598,"Pyrophacus horologium","F.Stein, 1883","Species"
"360","Rhizosolenia","Bacillariophyceae",149069,"Rhizosolenia","T. Brightwell, 1858","Genus"
"361","Rhizosolenia","Bacillariophyceae",149070,"Rhizosolenia hebetata","Bailey, 1856","Species"
"362","Rhizosolenia","Bacillariophyceae",149112,"Guinardia delicatula","(Cleve) Hasle, 1997","Species"
"363","Rhizosolenia","Bacillariophyceae",149114,"Rhizosolenia delicatula","Cleve, 1900","Species"
"364","Rhizosolenia","Bacillariophyceae",149116,"Rhizosolenia imbricata","Brightwell, 1858","Species"
"365","Rhizosolenia","Bacillariophyceae",149311,"Rhizosolenia robusta","G.Norman ex Ralfs, 1861","Species"
"366","Rhizosolenia","Bacillariophyceae",149629,"Rhizosolenia styliformis","T.Brightwell, 1858","Species"
"367","Rhizosolenia","Bacillariophyceae",163241,"Guinardia cylindrus","(Cleve) Hasle, 1996","Species"
"368","Rhizosolenia","Bacillariophyceae",163242,"Rhizosolenia cylindrus","Cleve, 1897","Species"
"369","Rhizosolenia","Bacillariophyceae",196805,"Rhizosolenia acuminata","(H.Peragallo) H.Peragallo, 1907","Species"
"370","Rhizosolenia","Bacillariophyceae",196811,"Rhizosolenia bergonii","H.Peragallo, 1892","Species"
"371","Rhizosolenia","Bacillariophyceae",248062,"Rhizosolenia castracanei","H.Peragallo, 1888","Species"
"372","Rhizosolenia","Bacillariophyceae",573563,"Rhizosolenia acicularis","B.G.Sundström, 1986","Species"
"373","Rhizosolenia","Bacillariophyceae",573577,"Rhizosolenia hyalina","Ostenfeld, 1901","Species"
"374","Rhizosolenia","Bacillariophyceae",631889,"Rhizosolenia calcaravis","M.Schultze, 1858","Species"
"375","Scrippsiella","Dinoflagellata",109545,"Scrippsiella","Balech ex A.R.Loeblich III, 1965","Genus"
"376","Scrippsiella","Dinoflagellata",110172,"Scrippsiella trochoidea","(F.Stein) A.R.Loeblich III, 1976","Species"
"377","Scrippsiella","Dinoflagellata",110175,"Scrippsiella spinifera","G.Honsell & M.Cabrini, 1991","Species"
"378","Skeletonema","Bacillariophyceae",149074,"Skeletonema costatum","(Greville) Cleve, 1873","Species"
"379","Sphaerodinium","Dinoflagellata",663775,"Sphaerodinium javanicum","Woszolynska, 1935","Species"
"380","Sundstroemia","Bacillariophyceae",149115,"Rhizosolenia setigera","Brightwell, 1858","Species"
"381","Synechococcus","Cyanobacteria",160572,"Synechococcus","Nägeli, 1849","Genus"
"382","Syracosphaera","Haptophyta",115084,"Syracosphaera","Lohmann, 1902","Genus"
"383","Syracosphaera","Haptophyta",235976,"Syracosphaera histrica","Kamptner, 1941","Species"
"384","Syracosphaera","Haptophyta",235979,"Syracosphaera pulchra","Lohmann, 1902","Species"
"385","Syracosphaera","Haptophyta",573401,"Syracosphaera rotula","Okada & McIntyre, 1977","Species"
"386","Syracosphaera","Haptophyta",619046,"Syracosphaera florida","Sánchez-Suárez, 1990","Species"
"387","Syracosphaera","Haptophyta",619047,"Syracosphaera lamina","Lecal-Schlauder, 1951","Species"
"388","Syracosphaera","Haptophyta",619050,"Syracosphaera tumularis","Sánchez- Suárez, 1990","Species"
"389","Tabularia","Bacillariophyceae",149369,"Synedra gaillonii","(Bory de Saint-Vincent) Ehrenberg, 1830","Species"
"390","Tabularia","Bacillariophyceae",176288,"Synedra affinis","Kützing, 1844","Species"
"391","Thalassionema","Bacillariophyceae",149092,"Thalassionema","A. Grunow ex C. Mereschkowsky, 1902","Genus"
"392","Thalassionema","Bacillariophyceae",149093,"Thalassionema nitzschioides","(Grunow) Mereschkowsky, 1902","Species"
"393","Thalassionema","Bacillariophyceae",418647,"Thalassionema bacillare","(Heiden) Kolbe, 1955","Species"
"394","Thalassionema","Bacillariophyceae",555052,"Thalassionema frauenfeldii","(Grunow) Tempère & Peragallo, 1910","Species"
"395","Thalassionema","Bacillariophyceae",14909211,NA,NA,NA
"396","Thalassionema","Bacillariophyceae",14909222,NA,NA,NA
"397","Thalassiosira","Bacillariophyceae",148912,"Thalassiosira","P.T. Cleve, 1873 emend. Hasle, 1973","Genus"
"398","Thalassiosira","Bacillariophyceae",148919,"Thalassiosira decipiens","(Grunow) E.G.Jørgensen, 1905","Species"
"399","Thalassiosira","Bacillariophyceae",148922,"Thalassiosira eccentrica","(Ehrenberg) Cleve, 1904","Species"
"400","Thalassiosira","Bacillariophyceae",148932,"Thalassiosira pacifica","Gran & Angst, 1931","Species"
"401","Thalassiosira","Bacillariophyceae",148942,"Thalassiosira rotula","Meunier, 1910","Species"
"402","Thalassiosira","Bacillariophyceae",149100,"Thalassiosira hyalina","(Grunow) Gran, 1897","Species"
"403","Thalassiosira","Bacillariophyceae",149101,"Thalassiosira subtilis","(Ostenfeld) Gran, 1900","Species"
"404","Thalassiosira","Bacillariophyceae",149102,"Thalassiosira gravida","Cleve, 1896","Species"
"405","Thalassiosira","Bacillariophyceae",345529,"Thalassiosira aestivalis","Gran, 1931","Species"
"406","Thalassiosira","Bacillariophyceae",345849,"Coscinodiscus excentricus","Ehrenberg, 1840","Species"
"407","Thalassiosira","Bacillariophyceae",555264,"Thalassiosira delicatula","Ostenfeld, 1908","Species"
"408","Thalassiosira","Bacillariophyceae",960571,"Thalassiosira nordenskioldii","Cleve emend Berg, 1952","Species"
"409","Triadinium","Dinoflagellata",233386,"Goniodoma polyedricum","(Pouchet) Jørgensen, 1899","Species"
"410","Trichodesmium","Cyanobacteria",177604,"Trichodesmium","Ehrenberg ex Gomont, 1892","Genus"
"411","Trichodesmium","Cyanobacteria",660919,"Trichodesmium erythraeum","Ehrenberg ex Gomont, 1892","Species"
"412","Trichodesmium","Cyanobacteria",660966,"Trichodesmium thiebautii","Gomont ex Gomont, 1890","Species"
"413","Tripos","Dinoflagellata",109421,"Ceratiaceae","Kofoid, 1907","Family"
"414","Tripos","Dinoflagellata",109930,"Ceratium azoricum","Cleve, 1900","Species"
"415","Tripos","Dinoflagellata",109931,"Ceratium belone","Cleve, 1900","Species"
"416","Tripos","Dinoflagellata",109932,"Ceratium breve","(Ostenfeld & Schmidt) Schröder, 1906","Species"
"417","Tripos","Dinoflagellata",109935,"Ceratium candelabrum","(Ehrenberg) F.Stein, 1883","Species"
"418","Tripos","Dinoflagellata",109936,"Ceratium carriense","Gourret, 1883","Species"
"419","Tripos","Dinoflagellata",109940,"Ceratium concilians","Jörgensen, 1920","Species"
"420","Tripos","Dinoflagellata",109941,"Ceratium contortum","(Gourret) Cleve, 1900","Species"
"421","Tripos","Dinoflagellata",109943,"Ceratium declinatum","(Karsten) Jørgensen, 1911","Species"
"422","Tripos","Dinoflagellata",109947,"Ceratium extensum","(Gourret) Cleve-Euler, 1900","Species"
"423","Tripos","Dinoflagellata",109948,"Ceratium falcatiforme","Jörgensen, 1920","Species"
"424","Tripos","Dinoflagellata",109949,"Ceratium falcatum","(Kofoid) Jörgensen, 1920","Species"
"425","Tripos","Dinoflagellata",109950,"Ceratium furca","(Ehrenberg) Claparède & Lachmann, 1859","Species"
"426","Tripos","Dinoflagellata",109951,"Ceratium fusus","(Ehrenberg) Dujardin, 1841","Species"
"427","Tripos","Dinoflagellata",109953,"Ceratium gibberum","Gourret, 1883","Species"
"428","Tripos","Dinoflagellata",109956,"Ceratium horridum","(Cleve) Gran, 1902","Species"
"429","Tripos","Dinoflagellata",109958,"Ceratium inflatum","(Kofoid) E.G.Jørgensen, 1911","Species"
"430","Tripos","Dinoflagellata",109960,"Ceratium karstenii","Pavillard, 1907","Species"
"431","Tripos","Dinoflagellata",109961,"Ceratium kofoidii","Jørgensen, 1911","Species"
"432","Tripos","Dinoflagellata",109964,"Ceratium longipes","(Bailey) Gran, 1902","Species"
"433","Tripos","Dinoflagellata",109966,"Ceratium longissimum","(Schröder) Kofoid, 1907","Species"
"434","Tripos","Dinoflagellata",109968,"Ceratium massiliense","(Gourret) Karsten, 1906","Species"
"435","Tripos","Dinoflagellata",109972,"Ceratium pentagonum","Gourret, 1883","Species"
"436","Tripos","Dinoflagellata",109979,"Ceratium symmetricum","Pavillard, 1905","Species"
"437","Tripos","Dinoflagellata",109980,"Ceratium teres","Kofoid, 1907","Species"
"438","Tripos","Dinoflagellata",109981,"Ceratium trichoceros","(Ehrenberg) Kofoid, 1881","Species"
"439","Tripos","Dinoflagellata",109982,"Ceratium tripos","(O.F.Müller) Nitzsch, 1817","Species"
"440","Tripos","Dinoflagellata",109983,"Ceratium vultur","Cleve, 1900","Species"
"441","Tripos","Dinoflagellata",196820,"Ceratium bucephalum","(Cleve) Cleve, 1900","Species"
"442","Tripos","Dinoflagellata",233237,"Ceratium longinum","(Karsten) Jörgensen, 1911","Species"
"443","Tripos","Dinoflagellata",233245,"Ceratium dens","Ostenfeld & J.Schmidt, 1901","Species"
"444","Tripos","Dinoflagellata",233281,"Ceratium humile","Jörgensen, 1911","Species"
"445","Tripos","Dinoflagellata",670002,"Ceratium macroceros","(Ehrenberg) Cleve, 1899","Species"
"446","Tripos","Dinoflagellata",837220,"Tripos falcatus","(Kofoid) F.Gómez, 2013","Species"
"447","Tripos","Dinoflagellata",837221,"Tripos falcatiformis","(Jørgensen) F.Gómez, 2013","Species"
"448","Tripos","Dinoflagellata",837222,"Tripos gibberus","(Gourret) F.Gómez, 1883","Species"
"449","Tripos","Dinoflagellata",837226,"Tripos longinus","(Karsten) F.Gómez, 2013","Species"
"450","Tripos","Dinoflagellata",837234,"Tripos ranipes","(Cleve) F.Gómez, 2013","Species"
"451","Tripos","Dinoflagellata",837310,"Tripos azoricus","(Cleve) F.Gómez, 2013","Species"
"452","Tripos","Dinoflagellata",837448,"Tripos carriensis","(Gourret) F.Gómez, 2013","Species"
"453","Tripos","Dinoflagellata",837453,"Tripos horridus","(Cleve) F.Gómez, 2013","Species"
"454","Tripos","Dinoflagellata",837456,"Tripos kofoidii","(E.G.Jørgensen) F.Gómez, 2013","Species"
"455","Tripos","Dinoflagellata",837459,"Tripos lineatus","(Ehrenberg) F.Gómez, 2013","Species"
"456","Tripos","Dinoflagellata",837460,"Tripos extensus","(Gourret) F.Gómez, 2013","Species"
"457","Tripos","Dinoflagellata",838205,"Tripos vultur","(Cleve) F.Gómez, 2013","Species"
"458","Tripos","Dinoflagellata",840626,"Tripos fusus","(Ehrenberg) F.Gómez, 2013","Species"
"459","Tripos","Dinoflagellata",840627,"Tripos furca","(Ehrenberg) F.Gómez, 2013","Species"
"460","Tripos","Dinoflagellata",840628,"Tripos dens","(Ostenfeld & Johannes Schmidt) F.Gómez, 2013","Species"
"461","Tripos","Dinoflagellata",841184,"Tripos belone","(Cleve) F.Gómez, 2013","Species"
"462","Tripos","Dinoflagellata",841189,"Tripos brevis","(Ostenfeld & Johannes Schmidt) F.Gómez, 2013","Species"
"463","Tripos","Dinoflagellata",841190,"Tripos bucephalus","(Cleve) F.Gómez, 2013","Species"
"464","Tripos","Dinoflagellata",841193,"Tripos candelabrum","(Ehrenberg) F.Gómez, 2013","Species"
"465","Tripos","Dinoflagellata",841200,"Tripos contortus","(Gourret) F.Gómez, 2013","Species"
"466","Tripos","Dinoflagellata",841249,"Tripos humilis","(Jörgenen) F.Gómez, 2013","Species"
"467","Tripos","Dinoflagellata",841256,"Tripos karstenii","(Pavillard) F.Gómez, 1907","Species"
"468","Tripos","Dinoflagellata",841259,"Tripos longipes","(Bailey) F.Gómez, 2013","Species"
"469","Tripos","Dinoflagellata",841260,"Tripos macroceros","(Ehrenberg) Hallegraeff & Huisman, 2020","Species"
"470","Tripos","Dinoflagellata",841261,"Tripos massiliensis","(Gourret) F.Gómez, 2013","Species"
"471","Tripos","Dinoflagellata",841263,"Tripos minutus","(E.G.Jørgensen) F.Gómez, 2013","Species"
"472","Tripos","Dinoflagellata",841744,"Tripos pavillardii","(Jørgensen) F.Gómez, 2021","Species"
"473","Tripos","Dinoflagellata",841746,"Tripos pentagonus","(Gourret) F.Gómez, 2013","Species"
"474","Tripos","Dinoflagellata",841748,"Tripos praelongus","(Lemmermann) Gómez, 2013","Species"
"475","Tripos","Dinoflagellata",841751,"Tripos pulchellus","(Schröder) F.Gómez, 2013","Species"
"476","Tripos","Dinoflagellata",841760,"Tripos schmidtii","(Jørgesen) F.Gómez, 2013","Species"
"477","Tripos","Dinoflagellata",841767,"Tripos symmetricus","(Pavillard) F.Gómez, 2013","Species"
"478","Tripos","Dinoflagellata",842517,"Tripos trichoceros","(Ehrenberg) Gómez, 2013","Species"
"479","Tryblionella","Dinoflagellata",110295,"Prorocentrum compressum","(Bailey) T.H.Abé ex J.D.Dodge, 1975","Species"
"480","Umbellosphaera","Haptophyta",235937,"Umbellosphaera","Paasche, 1955","Genus"
"481","Umbellosphaera","Haptophyta",235982,"Umbellosphaera irregularis","Paasche, 1955","Species"
"482","Umbilicosphaera","Haptophyta",235985,"Umbilicosphaera sibogae","(Weber Bosse) Gaarder, 1970","Species"
